is_offensive,tags
1,"boto cú piru sai boca ( ( dj jorginho 00 ) ) beat vem moda . boto cu piru sai boca . beat vem . beat 000 . lançamento . dj jorginho 00 . escosouza"
1,?
1,"mc magrinho mc neguinho itr - pose rã - taca xereca ( áudio oficial ) lançamento 0000 . mc magrinho . mc neguinho itr . mc magrinho mc neguinho itr . pose rã - taca xereca . pose rã . taca xereca . áudio oficial . lançamento 0000 . dj tezinho . godoy explode funk"
1,"mixreynold . mixreynold . mixreynolde . reinolde romao . reynold romao . canal mixreynold . reinold romão . pal bosta - nutela pegadinha : . pal bosta - nutela pegadinha : ( canalmixreynold )"
1,"mc novin - piroca revela ( vídeoclipe oficial ) lançamento 0000 . mc novin . piroca revela . vídeoclipe oficial . brigou comigo . revela . lançamento 0000 . mc novin - então chupa empurro guela . mc novin mc brinquedo - então joga encima piru . mc novin - então chupa novinha . mc novin - penetrando 0 - vem sentando vem kikando 0 . godoy explode funk . tdca000shdbish000fsjandj0000"
1,"mc denny mc luke . mc luke vai mamar escadão feat mc denny . feat mc denny . mc denny . mc denny 0000 . vai mamar . escadão . vai mamar escadão . mc luke . mc luke 0000 . dj piolho beat . dj piolho beat . mc luke dj piolho beat . mc denny dj piolho beat . mc luke mc denny . lyric vídeo . lequinho . zika . zika funk . lequinho zika funk . canal funk . funk momento . kondizilla . mc"
1,?
1,"porta . . fundos . kibe . loco . kibeloco . fabio . porchat . gregório . duviver . ian . sbf . antonio . tabet . joão . vicente . . castro . comédia . humor . engraçado . funny . comedy . risos . risadas . hilario . bizarro . parodia . satira . papo . merda . xaveco . pegaçao . bar . noite . noitada . balada . boate . machista . machismo . feminismo . cerveja . bebida . vinho . grosseiro . homem . mulher . silicone . cantada . pedreiro . paixao . platonica . toco . . nao . humilhaçao . anoes . chamas"
1,?
1,"canal . adão . bispo . comédia . sátiras . humor . zoeira . paródia . comediante . esquerdista . sátira . conde louppeux . condeta"
1,?
1,?
1,"helmet cam . câmera capacete . trânsito niterói . moto . motorcycle . motociclista . gopro . js0000 . motoqueiro . babaca . parque colina . estrada francisco cruz nunes"
1,"ytpbr . incrível mundo gumball . zueira . merda . funk . sarrada . sexo . gostosas . bunda . peitos . whindersson nunes . felipe neto . doria . rabetania . rabetão . south américa memes . sam . patolino . memeguy0"
1,"mc pp vs - xereca pisca ( dj tavares ) lnçamento oficial 0000"
1,"louco refri - tacando pau puta . lyric video . louco refri . tacando pau puta"
1,"pretinho básico . pretinho atlântida . pb atlantida . pretinho basico radio . bruno barreto . pretinho sincero . alcemar veloster . alcemar detona veloster . alcemar . pedro smaniotto . veloster pretinho basico"
1,?
1,"gr0 . explode . music . filmes"
1,"oriente . orienterj . vagabundo foda . clipe oriente . hiphop . rap . hip-hop . chino . dj qualy . self provoked . los angeles . la . niterói . rio janeiro . brasil . usa"
1,"ai delicia ser viado . ai delicia . delicia ser viado . delicia . ser viado . viado . gay . homosexual . vamos ser pra sempre . ser viado babado . babado . meme . south america memes . south . america . memes . sam . ai delicia ser viado csgo . ai delicia ser viado remix . musica . csgo . counter strike global offensive . cs . go . trollagem . troll . troll csgo . engraçado . zoeira . pegadinha . musica carnaval gays . musica gay"
1,"canaldootario . otarioanonymous . canal otario . cdo . canal otário . classe média . brasil . brazil . classe social"
1,"mc neguinho itr . ritmo fluxos"
1,"nando moura treta . treta nando moura . nando moura canal otário . contente nando moura . treta nando moura . canal otario treta . treta . news"
1,?
1,?
1,"corinthians . corinthians mil grau . corinthians oficial . tv corinthians . corinthians botafogo . campeonato paulista . desimpedidos"
1,"mano piu . piu . mano . funk . piu funk.com . funk.com . lançamento . musica . canal piu . bruninho beat . mc denny dá apanha dj bruninho beat ft mc vini vk . mc denny - buceta apanha ( lançamento 0000 ) dj bruninho beat . buceta apanha . mc denny . buceta . apanha . apanha . 0000 . 0000 . 0000 . 0000"
1,?
1,"cdb . baile cdb . mandela cdb . entupidao cdb . cobi . baile cobi . mandela cobi . entupidao cobi . cobi baixo . baile cobi baixo . mandela cobi baixo . entupidao cobi baixo . entupidao . lançamento . mc fp . xota bate . piru rebate . dj scooby du ja . 0000 . 0000 . baile comunidade"
1,"tomei lean . purple drank . lean . lucas a.r.t . lucas a.r.t . rap . trap . gang . skrrrr . trapstar"
1,"mc gw . vai caindo xereca . dj vt mix . lançamento . 0000 . musica nova"
1,"to copo mão bundão chão . mc rafa 00 . mc saci . bailão . fluxo . beat fluxos . beat funk . baile dz0 . 00 cinga . baile pantanal . baile mandela . hits . ritmo fluxos"
1,?
1,"mc 0belo - roça esfrega - á buceta piroca ( lançamento 0000 )"
1,"matheus yurley . tapa bunda . bunda puta . tchaca tchaca butchaca . gr0 filmes . dj tezinho"
1,?
1,"mc gw xereca mec dj carlinhos sr . mc gw atura surta 0 . mc gw atura surta . mc gw vai vai oh oh . mc gw vou fuguetar . mc livinho mc gw bagunceira . mc gw ritmo mexicano . mc gw ritmo americano . mc gw 0000 . mc gw medley . mc gw potock . mc gw cavucada . mc gw socadinha . mc gw soca soca . mc gw macetando . mc gw passinho maloka . mc gw vapo vapo"
1,"jean . vitoria . lone . tinaldo . lançamento . 0000 . novo . breno . santos . tonoflash . funk . novidade . putaria . musica . madley . mc . magrinho . pivete . baile . novinha . morro . alagoano . mandela"
1,?
1,". sotaque . lenilson . santos . whindersson nunes . whindersson . whinderson . whind . winderson . windersson . treta . treta news . bosta . merda . geração . retardada"
1,"mc fedo bosta - fimose ( clipe official ) . mc fedo bosta - fimose . mc fedo bosta . fimose . trap fimose . lil bosta . lil bosta - fimose ( clipe official )"
1,"jean . vitoria . lone . tinaldo . lançamento . 0000 . novo . breno . santos . tonoflash . funk . novidade . putaria . musica . madley . mc . magrinho . pivete . baile . novinha . morro . alagoano . mandela"
1,"coça xereca vou dar ( ( mc rebecca ) ) lançamento 0000 . lançamento 0000 . coça xereca . vou dar . mc rebecca . coça xereca mc rebecca . mc rebecca coça xereca . coça xereca . xereca . 0000 . vou dar ( ( mc rebecca ) ) lançamento 0000 . vou dar coça xereca ( ( mc rebecca ) ) lançamento 0000 . vou dar coça xereca"
1,"caveiragames . melhores momentos caveiragames . caveira games . caveira games life in hell . caveiragames life in hell hd . life in hell caveira . luis caveiragames . porra burro . comédia . memes . resident evil caveiragames . piores momentos caveiragames"
1,"gr0 . explode . music . filmes . dynho alves . feia pra caralho . dj nene mpc"
1,"gr0 . explode . music . filmes . gosta fofoca piroca ? . fofoca . gosta . mc joão . mc 0belo . dj th"
1,"taticelo . webtv . famosos . youtubers . notícias . stories . fofocas . babados . treta . rede . humor . videos youtube . youtube . hoje . amanhã . ontem . canal . polêmicas . blogueirinha merda . foto polemica . pablo vittar"
1,"taxista . vagabundo . cristo"
1,"big music . gr0 explode . artista . musica . produção . mc gw big music . segredinho xereca . dj miltinho dj bruno prado . mc gw dj miltinho"
1,"mc . 0d . piranha . vem . mamar . . . boquinha . vai . fazer . pai . gamar . carinha . hoje . . vou . . apaixonar . então . passa . lingua . . cabeça . diz . . . queria . ver . pra . treta . bota . fuder . putaria . lançamento"
1,"piu . piu funk . piu funk.com . funk . . . ponto . . acessa canal . mano . piu . mc james blue - faz quadradinho piroca ( dj r0 ) lançamento 0000 . mc james blue . faz quadradinho piroca . dj r0 . mc . james blue . faz quadradinho . quadradinho . piroca . r0 . lançamento . 0000 . 0000 . 0000"
1,"nsc . neurônios . subconsciente . merda . paga . cachê . cache . maceió . alagoas . al . mcz . nordeste . rap . hip hop"
1,"baile 00 . 00 cinga . mc moises torre . mc rafa 00 . gr0 explode . z0"
1,"pastor arnaldo . iepg . igreja evangélica pica galáxias . evangélico . crente . pastor . bispo . arnaldo"
1,"r v - clima tropical . clima tropical . clima . tropical . rav . rav . clima tropical rapsoma . clima tropical rav . rapsoma . rapsoma 0000 . bass . boosted . bass boosted . grave forte . bass busic . rap bass . 0000"
1,?
1,"dj . guilherme . funk"
1,"mc pedrinho . mc pikachu . mc brinquedo . mc kevin . mc menor vg . kondzilla . mc brisola mc lan gr0 explode detona funk mc kevinho . funk novo . funk putaria 0000"
1,"URL"
1,"beat modinha . quero vai toma cu . tomar conta vida . quero . vai . toma cu"
1,"porta . . fundos . kibe . loco . kibeloco . fabio . porchat . gregório . duviver . ian . sbf . antonio . tabet . joão . vicente . . castro . comédia . humor . engraçado . funny . comedy . viado . veado . gay . briga . bar . discussão . confusão . porrada . separa . filho puta . mãe . piroca . buceteiro . sair . . mão . hilario . cômico . bizarro . surreal . louco . doido . maluco . insano . risos . risada . hilarious . comical . programa . tv . esquete . sketch . cara . luis . lobianco . homossexual . bate . boca . briga bar . homens . comedor . buceta"
1,"zarastruta . tudozaras . exodia . fernal . djcubanito . bigu . maori . finalmente . rap . hiphop . rnb . jazz . soul . funk"
1,"00music . bh . 00music . bh"
1,"caracol raivoso . marcos coelho . mussoumano . batalha youtubers . mussoumano vs . whindersson . mc mudinho . batalha rap . videos engraçados"
1,"kondzilla . legenda funk . detona funk . elenco funk . francisco garcia elenco funk . gr0 explode . funk elite . rw produtora . kl produtora . video clipe . web clip . funk sp . funk rj . funk 0000 . lançamento 0000 . lançamento 0000 . paylist funk pesadona . set funk 0000 . funk"
1,"canal otário . auto show ( event )"
1,"v0000000 . tudodamusica . zé paredão - duvida cruel - música nova - lançamento oficial 0000 . zé paredão - duvida cruel . ze paredao cd 0000 . ze paredao musicas novas . ze paredao vivo . ze paredao repertorio novo 0000 . zé paredão - toma piriguete - música nova - lançamento oficial 0000 . zé paredão - linguadinha - música nova - lançamento oficial 0000 . linguadinha . zé paredão - piroca bonde - música nova - lançamento oficial 0000 . zé paredão - piroca bonde"
1,"mete . . força . talento . soca . . buceta . . ofegante . percebendo . xota . gozar . 0000 . lançamento"
1,"mc kitinho . mc rafa 00 . mc g00 . mc lan . mc gw . mc 0belo . mc magrinho . mc denny . mc neguinho itr . baile 00 . 00 cinga . marconex . helipa . ruinha . gr0 explode . metralha bailes . mc mr bim . dj ts . mc guri mt . mc rafa original . mc luuh . mc murilo mt . mc theuzyn . mc kaioken . mc fabinho osk . mc nego marcone . mc m00 . mc gp . mc ronny"
1,?
1,"videos engraçados . eguinorante . guilherme marques . eguinorante . reaction . react . reação . desafio . challenge . vlog . brasil . br . edição dorgas . dorgas . grau bicicleta . 0 minutos"
1,"rap . hip hop"
1,"mc lan - xereca - tchau pra ( áudio oficial ) prod . lan rw lançamento 0000 . mc lan . mc lan - xereca . xereca . tchau pra . áudio oficial . prod . lan . prod . lan rw . lançamento 0000 . godoy explode funk"
1,"nada original . onda zero . esquete . short . curto . curta . mini . carnaval . mijão . mijo . xixi . polícia . policiais . comédia . humor . nadaoriginal . vlognadaoriginal . victor soares . red line filmes . humberto rosa . thairon mendes . rodrigo gallo . comedy ( film genre ) . humour ( tv genre ) . funny . sketch . brazil . brasil . bloco . folia . rio janeiro . instagram . vine . vines . videos engraçados . comediantes . comediante . youtube . you tube . videos curtos . samba . canal . coisas carnaval . loucos . idiotas . idiota"
1,"base000 . en mira . nancy silvvz . baco exu blues . interlúdio esú . onerpm . rap"
1,"fonte . . funk . oficial"
1,?
1,"comedia . stand up comedy . comedy"
1,"mc denny mc gw - agride xereca ponta piru"
1,"famosos . youtubers . notícias . stories . fofocas . babados . treta . rede . humor . videos youtube . youtube . hoje . amanhã . ontem . canal . karol pinheiro . pc siqueira . bianca camargo . gabi prado . lissa"
1,"inscreva-se"
1,"mc brisola - fudendo psicologico ( dj r0 ) . mc brisola - fudendo psicologico todas danadas - doidona bala ( dj r0 ) . mc brisola - fudendo psicologico todas danadas . fudendo psicologico todas danadas . doidona bala . mc brisola - fudendo psicologico todas danadas . mc brisola - fudendo psicologico todas danadas - doidona bala ( dj r0 ) . mc brisola - chacoalha chacoalha joga buceta pica doidona bala"
1,"porta . . fundos . kibe . loco . kibeloco . fabio . porchat . gregório . duviver . ian . sbf . antonio . tabet . joão . vicente . . castro . comédia . humor . engraçado . funny . comedy . risos . risadas . hilario . bizarro . parodia . satira . merda . coco . banheiro . bosta . cagada . caganeira . compra . loja . emergencia . aperto . perrengue . esposa . marido . cigarro . lanche . louco . doido . maluco . carro . ford . fiesta . cagar . posto . divida . dinheiro . banco . assalto . gritos . berros . anoes . chamas"
1,"joga xereca faixa preta vai passar ( lançamento 0k00 ) . joga xereca faixa preta vai passar . joga xereca . faixa preta vai passar"
1,"v0000000 . tudodamusica . madame - bota tcheca chão - música nova - lançamento 0000 . madame - bota tcheca chão . madame . amadame 0000 . madame musicas novas . madame agosto . madame - surra piroca - música nova - lançamento 0000 . madame - surra piroca"
1,"mc digão . desce pau . dj robson mv . lyric video . funk elite . torinho digão . desce pau"
1,?
1,"mc neguinho itr bota pra mamar . mc neguinho itr forte pra sorte . mc neguinho itr hakuna matata . mc neguinho itr beibe beibe biruleibe . mc neguinho itr popotao grandao . mc neguinho itr"
1,"nando moura matheus yurley . matheus yurley trollagem nando moura . matheus yurley treta . treta matheus yurley . treta nando moura . nando moura vs matheus yurley . nando moura detona . nando moura detona matheus yurley . matheus yurley responde nando . nando moura . matheus yurley . treta . news"
1,"v0000000 . tudodamusica . cafetão - piroca consola - música nova - lançamento oficial 0000 . cafetão - piroca consola . cafetão . piroca consola . cafetao musicas novas 0000 . cafetao verao 0000"
1,"funk . vai malandra . passinho romanno . passinho foda . passinho maloka . coreografia . daniel saboya . fezinho patatyy . surubinha leve . tudo puta . mc diguinho . dani russo . whindersson nunes . cocielo . mc kevinho . mc livinho . mc pedrinho . gr0 explode . detonafunk . melhores 0000 0000 . moto . carro . dançando . melhor dançarino brasil . brota convoca puta . surubina leve . surubinha . surubina . pataty . onerpm"
1,"bmf . produções . producoes . bruno ferreira . paródia . paródias . parody . parodie . spoof . get lucky . galo frito . bart baker . lenda pénis . ténis . portugal . france . vittel . vittel ( city/town/village ) . miguel luz . diogo sena . rui unas . tá bonito . piroca . facebook . instagram . twitter . comedy . funny . youtube . humor"
1,"mc denny - bota xereca peça ( áudio oficial ) lançamento 0000 . mc denny . bota xereca peça . mc denny - bota xereca . áudio oficial . lançamento 0000 . dj renan diniz . godoy explode funk . tdca000shdbish000fsjandj0000"
1,"mussoumano . batalha youtubers . mussa . mv bill . rap nacional . melhores raps . rap 0000 lançamento . trap . rap . hip hop music . playlist trap . lançamentos 0000 . hungria . tribo periferia . haikaiss . anitta . kevinho . kondzilla . pop . música . hip hop lançamentos . lil pump . migos . ty dolla ign . gucci mane . quavo . wiz khalifa . jaden smith . lil . rich the kid"
1,"dj marcos icoaraci tecnomelody baixar 0000 . melody brasil . baixar melody . melody pará"
1,"kondzilla . anitta"
1,"mc magrinho mc kitinho - trava xereca - sempre brotar vai tomar ( dj th )"
1,"canal kondzilla . mc lan . mc wm . mc kekel . dj henrique ferraz . mc souza . gr0 explode . detona funk . legenda funk . mc denny . mc lan primeiramente . mc lan presidente . mc lan senta roda . mc lan mc wm . mc lan mc delano . mc lan terceiramente . mc lan primeiramente clipe"
1,"mc mãozinha - nasci pobre nasci otario ( dj nene mpc ) exlusiva . mc maozinha nasci pobre nasci otario . mc maozinha nasci pobre . mc maozinha nasci pobre nasci otario download . mc maozinha água bandido . mc maozinha agua bandido . mc maozinha agua bandido download . funk . mc maozinha . gr0 . kondzilla . água bandido . nasci pobre nasci otario . mc maozinha mídias nova"
1,"piu . piu funk . piu funk.com . funk . . . ponto . . acessa canal . mano . piu . mc denny - pra tacar piroca buceta piranha ( dj cristian v d s mix ) . mc denny . pra tacar piroca buceta piranha . buceta piranha . tacar piroca . piroca . buceta . piranha . dj cristian . v d s mix . denny . mc . 0000 . 0000 . 0000 . 0000"
1,"EMAIL bolsonaro chama repórter rede tv idiota . bolsonaro chama repórter rede tv idiota ignorante"
1,?
1,"canal funk . lançamento . mc livinho . kevinho . mc lan . gaab . mc kitinho . mc 0belo . mc wm . mc fioti . mc dede . mc menor mr . mc denny . mc gw . mc magrinho . mc kevin . mc hariel . mc kekel . nego borel . anitta . ludmilla . ngks . mc davi . mc pedrinho . mc brinquedo . mc don juan . jerry smith . mc zaac . mc g00 . mc mc bella . mc mirella . mc loma . mc pp vs . kondzilla gr0 explode . detona funk . legenda funk"
1,"mc kitinho sequencia pica . mc kitinho vou passar sarrando . mc magrinho mc kitinho vai trava . mc kitinho beat sacana . mc kitinho megatron . mc kitinho to . mc kitinho bota palma mão chão . mc kitinho hit verão . mc kitinho oi tudo bem . mc kitinho ngdp . mc kitinho mc 0belo acordaram megatron . mc kitinho 0000"
1,"compact cassette ( media format ) . music ( tv genre )"
1,"00 cinga . baile 00 . dz0 . pancadão . mc denny . mc gw . megatrom . mc kitinho . mc denny . mc rafa 00 . mc kevinho . mc neguinho itr . mc digu . vou catucar boca . ritmo fluxos . mc mm . so quer vrau . mc arraia . posso empurrar . carro biqueira . legenda funk"
1,"david mafra . pegadinhas . comedia . comédia . entretenimento . humor . prank . pranks . ei viado . pegadinha ei viado . pegadinha cara chamando outro viado . ei viado david mafra . hey frag prank"
1,"porta fundos . kibe loco . fabio porchat . gregorio duviver . ian sbf . antonio tabet . joão vicente castro . comedia . humor . engraçado . funny . comedy . risos . risadas . hilario . bizarro . parodia . satira . thati lopes . casal . relacionamento . computador . pasta . polêmica . pornografia . pornô . sexo . necrofilia . arquivo . tweets . tuites . twitter . tuite . tweet"
1,"humor . paródia . redublagem . dublagem . comédia . diogo . paródias . celebridades . brasil . português . pt . divas . pop . funk . rapp . noticia . eventos . genero . comedia . dublagens . humoradas . mundo . pop . fifth harmony . camila cabello . briga . caso divas . episodios . humor . barraco . tretas . normani . lauren . ally . dinah . garotas . reencontro . separacao . confusão . dublagem . familia . casos . programa . divas juntas . justin bieber . selena gomez . the weekend . abel . taylor swift . katy perry . havana"
1,"mc w.o . funk . funk 0000 . funk mg . funk ostentação . funk proibidão . funk consciente . funk sp . funk carioca . mc w.o bundão . kondzilla . videoclipe . oficial . kond . zila . zilla . ostentação . mc kevinho . tumbalatum . tumba . funk music genre . kevinho . sarrada . bumbum faz tumba"
1,"naruto ( comic book series ) . parody ( tv genre ) . comics ( comic book genre ) . naruto macaco . macaco z . macaco z . macaco . naruto paródia . paródia naruto macaco . macaco ninja . ninja . naruto z . sasuke . ino . sasuke paródia . ino paródia . rocklee . rocklee paródia . animação . animação naruto . paródia naruto . macaco z - paródia naruto . sakura . anime . humor . naruto sasuke . sasuke sakura . naruto shippuuden . naruto ultimate . ultimate ninja . comedy . naruto chat . funny . hilarious . cartoon"
1,"costa . gold . haikaiss . familia mada . chayco . don cesao . hip hop . rapp nacional"
1,?
1,"mc magrinho . briga xereca piru . dj biel bronks . música nova 0000 . lançamento funk 0000 . lutando ufc . trabalho novo . detonafunk . funk legenda"
1,"mc brinquedo . acaba piroca danada . ( dj japah ) . ( lançamento funk 0000 ) . música nova 0000"
1,"recomendado"
1,"johnny hooker . jesus travesti . jesus . festival inverno garanhuns . fig"
1,"ousadia . puta pegadinha . putas . garota programa . negociando putas . turma sacanas . prostituta . ousadia.org . humor . melhores videos engraçados . santa sacanagem . trolando puta . pegadinhas putas . pegadinha . comédia . alegria . pegadinhas . videos engraçados . comedia . desafios . melhores pegadinhas . puta . melhores . brincadeiras . trollando . pranks . prank . brasil . namorada . casal . zueira . semana . programa . pegadinhas brasil . trolladas . narração . entretenimento . zap . zap zap . top . funny . desafio . boom"
1,"baco . sulicidio . 000 . esu . amo disgraça . teamodisgraça . baco exu blues . rap . hip hop . hiphop . rap br . rap brasil . rap brasileiro . rap nacional . rap brazil . brazillian rapper . pele habito . tardesquenuncaacabam . tardes nunca acabam . rap nacional 0000 . baco exu . playlist rap . lançamento rap . portugal beat . portugal . rap bahia"
1,"xxxbientb0y . xxxbisentboyss"
1,"trap . rock . emotrap . rap . hip hop . metal . korn . rap rock . rock rap . trap rock . rock trap . rock hip hop . hip hop rock . brazil . brasil . brazil rock . brasil rock . emo brasil . emo brazil . brazil metal . metal brazil . korn brazil . brazil korn . brasil korn"
1,"bunda . bundaõ . bumbum . melancia . pagofunk . pintura corporal . ass body paint . body paint . nice ass . andressa urach . balançar bunda . bunda funk . funk bunda . funk ass . ass baile funk . baile funk dance . bunda maluca . miss bumbum . mulher melancia . funk ( musical genre ) . ."
1,"porta fundos . kibe loco . fabio porchat . gregorio duviver . ian sbf . antonio tabet . joão vicente castro . comedia . humor . engraçado . funny . comedy . risos . risadas . hilario . bizarro . parodia . satira . polícia . policial . peçanha . drogas . cocaína . crime . provas . investigação . perícia . rafael portugal . maconha"
1,"porta . . fundos . kibe . loco . kibeloco . fabio . porchat . gregório . duviver . ian . sbf . antonio . tabet . joão . vicente . . castro . comédia . humor . engraçado . funny . comedy . rafael . infante . inferno . satanás . diabo . lúcifer . demônio . pecada . pagar . purgatório . céu . paraíso . boate . puteiro . termos . gostosa . anjo . arrependimento . confessar . risos . risada . hilário . louco . doido . maluco . insano . bizarro . surreal . paródia . sátira . crítica . esquete . skit . hilarious . programa . tv . hugh . hefner . eterno . castigo . mulheres . pecador . penitência"
1,"canaldootario . otarioanonymous . canal otario . cdo . dilma . pt . corrupção . brasil . politica . facebook . whatsapp . correios . golpe . lula . policia federal . prisão . andrade gutierrez . empreiteiras . campanha presidencial . tsf . pedalada . tribunal superior eleitoral . marco civil . internet . otarionews . news"
1,"após chamar gay baitola . jojo todynho lança música arrasou viado"
1,"brasileiros . vexame . rússia"
1,"rola . . yt . porta . . fundos . porta fundos . leticia . lima . rafael . infante . rola . humor . comedy . engracado . loja . . sucos . pastelaria . confusão . atendente . bizarro . mal . atendimento . anoes . . chamas . kibe . loco . amanda . falico . mau . gostosa . morena . suco . funny . subtitled . english"
1,"embrulha pra viagem . embrulha . humor . comedia . comedy . mauricio barros . marcelo laham . willians mezzacapa . pendencias . pendencias trabalho"
1,"plata . music . plata music . drunk mc . drunk00 . sentimentos"
1,"após beijar amigo boca . chico pinheiro atacado dá resposta todos . brazil today . bbb00 . bbb"
1,"porta fundos . kibe loco . fabio porchat . gregorio duviver . ian sbf . antonio tabet . joão vicente castro . comedia . humor . engraçado . funny . comedy . risos . risadas . hilario . bizarro . parodia . satira . amigos . penis grande . penis pequeno . casal"
1,"canaldootario . otarioanonymous . canal otario . cdo . canal otário . nsdo . saco otario . responde"
1,"malibu . miley cyrus . mailei cirus . paródia . comer cagar . desse tipo . novo clip . mylei cyrus mudou . nova música . comédia . paródia engraçada . paródia malibu . paródia miley cyrus"
1,"# tudubom . # tdbm . tudubom . tudobom . tudu . bom . tudo . maoli . mãoli . maolee . mãolee . filipe . ret . filiperet . felipe . skol music . buuum . tropkillaz . tudubom records . coração vagabundo . revel"
1,?
1,"fiitu . rfiitu . r.fiitu . piauí . rap . hip hop . 0000 . lançamento . musica nova . forró . dance . trance . wiski . meuzovo . rap . box . trap . br . raffa . moreira . mc . igu . recayd . mob . fiitu . sp . rj . nordeste . side . tribo . . periferia . pacificadores . hungria . hip . hop . rap . brasilia . nacional"
1,?
1,"canal otário . responde . otarioanonymous . canaldootario . faq . terceiro . três . canaldootario0 . especial . super otário . superotario . otário ( blogger ) . animation . animação . desenho . quadrinhos . hq . motion"
1,"mc th . vai devagar piroca . ( dj dn caxias ) . ( lançamento funk 0000 ) . música nova 0000"
1,?
1,"iepg . bispo arnaldo . pastor arnaldo . apostolo arnaldo . terra santa - apóstolo arnaldo . terra santa . terra santa - apóstolo . israel . jerusalém . pastores . crente . objetos ungidos . caneta ungia . vassoura ungida . vassoura ungida universal . igrejas evagélicas . pastores pregando . pastores falsos . heresia . vindos china . verdade sobre pastores . pastores ricos . igreja paga imposto . templo salomão . verdade sobre igreja"
1,"canaldootario . otarioanonymous . canal otario . cdo . museu nacional . ufrj . ota otarionews"
1,"mc denny . mc kalzin . muita xereca junta . dj carlinhos s.r . lançamento funk 0000 . música nova 0000"
1,"iepg . bispo arnaldo . pastor arnaldo . apostolo arnaldo . rio janeiro . rj . inferno . bíblia . brasil . violencia . funk . musicas . mc . call of duty . jogos . jogo . lost . justiça . show . humor . humorista . videos engraçados . videos humor . comédia . pastor"
1,"porta . . fundos . kibe . loco . kibeloco . fabio . porchat . gregório . duviver . ian . sbf . antonio . tabet . joão . vicente . . castro . comédia . humor . engraçado . funny . comedy . risos . risadas . hilario . bizarro . parodia . satira . posição . conchinha . spoon . cama . bed . casal . couple . marido . mulher . esposa . homem . sexo . amor . casamento . matrimonio . assaltante . assalto . bandido . vilão . arromba . invasão . polícia . luz . parafernalia . anoes . . chamas . galo . frito . felipe . neto . louco . doido . maluco"
1,"yt : cc=on"
1,?
1,"ataque casa animado . ataque animado . ataque casa . gameplay brasil . cartuchito . games . ricardo santiago . ricardojogando . rikeditor . rikstudios . emisushow . rik emisu . emisu rik . felino . casa edição . srwilson . colonia contra ataca . matheus canella . sofachito . isaac afterbirth . jogo novo tanto - the binding of isaac : afterbirth plus # 00 ataque casa"
1,"motos . esportivas . motorcycle . moto . filmador . kle000full . motogp . top . speed . hornet . cb000f . xj0n . cb0000rr . honda . yamaha . mt-00 . vlog . turbo . rider . ghostrider . atalla . escapes . escapamento . . motos"
1,"maicon küster . kuster . flávio kotaka . kotaka . nhx studio . maiconkusterkkk . maiconkuster000 . maiconkuster000 . xxxtentacion . lw musicas . maicon lw musicas . maicon kuster musicas . jocelyn flores . save . music"
1,"bozonaro . bolsonaro . palhaço bozo . palhaço gozo . bozonaro cavalera . bolsonaro roda viva . paródia bolsonaro . bolsomito . bolsominion . bolsominions . mitadas bolsonaro . bolsonaro fascista . briga bolsonaro . humor . comédia . sátira política . eleições 0000 . bolsonaro . votar bolsonaro . greg news bolsonaro . bolsonaro sabe sobre economia . bolsonaro passa vergonha . militantes esquerda . levante popular juventude . quebrando tabu . canal jabá . debate band"
1,"bixa preta . mc linn quebrada . trans . linn santos . linn quebrada"
1,"embrulha pra viagem . embrulha . comédia . humor . esquete . comedy . maurício barros . willians mezzacapa . marcelo laham . philip silveira . ejaculação . ejaculou . porra . porra embrulha . porra embrulha pra viagem"
1,?
0,"brasileirão0000 . corinthians . flamengo . palmeiras . barcelona . futebol . fox sports . fox radio . fox raio . raio fox . radio fox . fox vivo . rodada fox . neymar . santos . timão mengão . zuando flamengo . zuando corinthians . timão vivo . noticia timão . gremio . bahia . futebol online . futebol vivo . tv online . fox . sports . radio . . vivo . copa mundo . russia . seleção brasileira"
0,?
0,"megamex . vai dar merda . meme . remix . song . musica meme . gerra memeal . wtf . tema globo esporte"
0,"coach . gio . pro . ppl . csgo . counter . strike . global . offensive . dicas . tutoriais . smokes . granadas . tips . and . tricks"
0,"coceira anal . coçeira anal . coçeira anos . coceira ânus . causa coceira anal . causas coceira anal . tratamento coceira . prurido anal . dr . marcelo werneck . proctologia tabu . proctologista . coloproctologista . coçeira partes intimas . coceira anos pode ser . coceira anal causa . coceira anal sintomas . origem coceira anal . coceira anos pode . coceira partes intimas"
0,"flyflishing . pesca mosca . streamer . atados . tutorial . pescaria . pesca esportiva . iscas artificiais . brahma bugger . abpm"
0,"fabiano oliveira . canal elétrico . atalaia esporte . balanço geral . tolerância zero . jornal estado . cidade alerta . cidade alerta sergipe . dia . EMAIL notícias sergipe . jornal sergipe . programa bareta . bareta . vídeos bareta . r0 sergipe . tv atalaia . record sergipe . notícias vídeos regional . a0se . portal a0se tv sergipe . tv sergipe . video aracaju . balanço geral sergipe . tv sergipanos . canal tv atalaia"
0,"jair bolsonaro . trollando . trollar . trollou . rindo"
0,"rap . nacional . canaltb . canaltudubom . hiphop . hip . hop . # tudubom . # tdbm . tudubom . tudobom . tudu . bom . tudo . shadow . sha . dow . dowsha . maoli . mãoli . maolee . mãolee . filipe . ret . filiperet . felipe . santo . forte . santoforte"
0,"engenharia civil . engenharia . faculdade . universidade . graduação . ensino superior"
0,?
0,"duard . jair bolsonaro . ciro gomes . campanha . eleições . 0000 eleições . eleições 0000 . presidente . mito . cirão . cirao . massa . bolsonaro . atentado . adélio . hospital . emocionante"
0,"luciana . genro . psol . caras pau . eleição . 0000 . 00000 . deputada . estadual . luciana genro"
0,"brasil . país . . tolos . olavo . carvalho"
0,"fonte . . funk . oficial . mc ferreira . louco selvagem"
0,"asno cavalo . podcast pedro mazza . fabula pedro mazza . projeto podcast . asno cavalo fabula"
0,"apocalipse . apocalipse . apocalípse . apocalypse . novela apocalipse . apocalipse hoje . apocalipse ontem . apocalipse penultimo capitulo . apocalipse ultimo capitulo"
0,"sbt . interior ; . sbt ; . tv . compartilhe ; . . feliz ; . interior . . . paulo ; . televisão ; . tvs ; . aberta"
0,"whindersson nunes . whindersson nunes pronunciou apos ser chamado corno . chamado corno . whindersson responde comentário internet . youtuber . luísa sonza . whindersson nunes . whinderssonnunes . luisa sonza . luisa sonza whindersson . whindersson defende luisa sonza . whinderrson nunes responde . luisa . luiza . youtubers . noticias . news . famosos . babados . look luisa sonza . lu sonza . polemica . olhar . defende . mulher . snapchat . histórias . whindersson . windersson"
0,"nilton . césar"
0,"mederi . show . vlog . humor . comédia . humorista . comediante . engraçado . rir . feliz . felicidade . vlog . vlogando . youtuber . enem . passar . colar . colando . escola . vestibular . vestibulando . estudando . estudar . cola . universidade . faculdade . colégio . dormir . pé . monstro pé . sapato . moço . facebook . amigos . amizade . ter amigos"
0,"dicas . cães . animais . adestramento . veterinário . campinas . saúde animal . cio cadela . acasalamento cadela . tempo duração cio . ovulação canino . reprodução cão . filhtes fazem xixi coco . cães filhotes controlam micção evacução"
0,"brazil today . bbb00 . bbb"
0,?
0,"matheus hwang plagio . matheus hwang plagiou . botao select matheus hwang . matheus hwang cover plagio . matheus hwang acusado plagio . nando moura matheus yurley . matheus yurley . nando moura . goularte matheus hwang . goularte . matheus hwang . treta . news"
0,"joão kléber show . redetv ! . joão kléber . pegadinhas . humor . câmera escondida . pegadinhas joao kleber 0000 . pegadinhas 0000 . pegadinhas joão kleber 0000 . videos pegadinhas 0000 . melhores pegadinhas 0000 . pegadinhas picancantes 0000 . pegadinhas engraçadas 0000 . pegadinhas picantissimas 0000 . pegadinhas joão kléber show . pegadinhas picancantes youtube . trollagem . loira . morena . gata . gostosa . beldade . biquíni . fio-dental . decote . silicone . siliconada . calcinha . sutiã . lingerie"
0,"hermes renato ( tv program ) . hermes renato . hermes . renato . hermes renato . oficial . acervo . pérolas . mtv . fox . record . tv . fx . yt : quality=high . arte cagar . saulo botelho . marco antonio"
0,"júnior soares . júnior soares tutoriais . júnior soares solidworks . chapa metáica . solidworks chapa metálica . chaparia solidworks . chaparia . solidworks chaparia . tutorial solidworks . tutorial chapa metálica . júnior soares chapa metálica . tutoriais chapa metálica . dobras solidworks . dobras rápidas . fazer dobras solidworks . fazer dobras rápidas solidworks . flange contínuo . tutorial flange contínuo . flange contínuo solidworks"
0,?
0,"operação risco . ladrão . roubo . roubo celular . furto . furto celular . ladrão cara pau . policial . polícia . preso"
0,"camisa . camiseiro . time . futebol . vestiário . colecionadores . uniforme . brasileirão . cruzeiro . siemens . topper"
0,"pretinho básico . pretinho atlântida . pb atlantida . pretinho basico radio . bruno barreto . pretinho sincero . pbsincero . alcemar revela sobre sono . alcemar remedio . alcemar dormir . alcemar perdemo pedrão . alcemar nevo véio . alcemito . pedro smaniotto . arthur gubert . neto fagundes . alexandre fetter . alcemar revela precisa dormir"
0,"xbox . mil . grau . xboxmilgrau . m0l . gr0u . xb0x . playstation . sony . microsoft . sonysta . caixista . nintendo . noticia . zueira . brincadeira . consoles . chief . xcapim . gamer . gamers . gameplay . jogo . jogos . videogame . console . xboxone . xbox000 . xboxonex . project . scorpio . ps0 . ps0 . ps0 . ps0 . ps0pro . xboxlive . live . lives . psn . dica . tutorial"
0,"mc lan . mc gw . mc wm . danilo snider . louco refri . aln0000 . mitico jovem . mc davi . mc menor vg . mc rodolfinho . mc 0belo . mc ruzika . mc menor vd . mc ig . mc andrewzinho . mc jerry . mc fiot . mc g00 . mc dudu . mc don juan . mc brinquedo . mc pikachu . mc kevin . mc magrinho . mc th . mc kevinho . kondzilla . gr0 . funk capital . detona funk . dj perera . dj yuri martins . dj jorgin . dj felipe unico . dj tezinho"
0,"hermes renato ( tv program ) . hermes renato . hermes . renato . hermes renato . oficial . acervo . pérolas . mtv . fox . record . tv . fx . yt : quality=high . gloria kalinho . peidar . aviao . franco fanti . seje chic . gloria kalil"
0,"atirei . pau . gato . galinha . pintadinha . desenho . animado . infantil . música . pintinho . amarelinho . sapo . juptube"
0,"funk . 0000 . mc . jhowzinho . kadinho . kondzilla . gr0 . leleto . gw . denny . vida . loka . racionais . jojo . quetiro . . . vai . malandra . lançamentos . . . tocadas . . bailes . rw . lan . wm . rabetão"
0,?
0,"the noite danilo gentili 00/00/00 . the noite danilo gentili karen jonz . the noite danilo gentili vitor kley . the noite 00/00/00 vitor kley . the noite 00/00/00 karen jonz . karen jonz . vitor kley . sol vitor kley . monólogo the noite . ultraje rigor . jul"
0,"dica veterinario . cuidados cachorros . cachorros . dica veterinário . cao . kao . tudo sobre cachorros . caes . cachorro ração cachorro . amigo pet"
0,"fico desgraçado cabeça . terceirão . terceirão sincero . terceirão sincero depressão . mack . math . spider . vc empresta caneta . desgraçado cabeça . desgraçado cabeça"
0,"naiara azevedo . sertanejo . world . south . american . nayara azevedo . sertanejo universitario . escutar musica . sertanejo . música sertaneja . maiara maraisa . marilia mendonça . paula mattos . mariana fagundes . joao neto frederico . mega producoes artisticas . mega producoes . henrique juliano . joelma . sol almeida . day lara . banda calypso"
0,"mc . n00 . funk . dj"
0,"porta . . fundos . kibe . loco . kibeloco . fabio . porchat . gregório . duviver . ian . sbf . antonio . tabet . joão . vicente . . castro . comédia . humor . engraçado . funny . comedy . pau . pedra . mictório . banheiro . pau . tamanho . . piru . mijada . saco . mijo . xixi . victor . leal . dois . 0cm . centimetros . cm . penis . maior . . desejo . paz . mundial . tarugo . pequeno . demais . debate . discussão . risos . risada . hilário . cômico . idiota . louco . doido . maluco . bizarro . surreal . insano . esquete . sketch . programa . tv . porta fundos"
0,"bob esponja . manual mundo . kally 's mashup . franky . henry danger . bob esponja calça quadrada . the thundermans . icarly . sam cat . patrulha pata . . nickelodeon . nick . nickelodeon brazil oficial . nickelodeon oficial brazil . desenhos animados . diversão . engraçado . game shakers . bob esponja calça quadrada . fresh . school of rock . tmnt_clip_br . traição velho amigo . lutar contra amigo . família perdida . falco louco . plano maluco . lutar . estupidamente . parar maluco . tmnt"
0,?
0,"nando moura . treta nando moura . magal treta . treta magal . nando moura treta . treta magalzão . magalzão treta . porta fundos . treta . news"
0,?
0,?
0,"baitaca . rodeio campeiro . baitaca rodeio campeiro . fundo grota . baitaca grupo fundo grota . égua baldosa . baitaca égua baldosa . egua baldosa . baitaca egua baldosa"
0,?
0,"fazer . fazer000 . fz00 . fz000 . vlog . motovlog"
0,"mc fb - vou comer xereca vendo jogo flamengo [ dj vtn ] brabaaa . jamais visto cjt . baile vintem . vintem . conjuntao . curral . 00 . nogueira"
0,"gr0 . explode . music . filmes . mc gw . mc 0belo . flexiona xereca garota . dj wallace nk"
0,"duard . jair bolsonaro . ciro gomes . campanha . eleições . 0000 eleições . eleições 0000 . presidente . mito . cirão . cirao . massa . bolsonaro debate . bolsonaro ciro gomes . debate"
0,?
0,"the noite . the noite danilo gentili . danilo gentili . léo lins . murilo couto . juliana . diguinho . roger . mingau . bacalhau . marcos kleine . the noite danilo gentili 00/00/00 . the noite danilo gentili munhoz mariano . the noite 00/00/00 munhoz mariano . munhoz mariano . entrevista munhoz mariano . jerry smith . munhoz mariano jerry smith . mulherão porra"
0,"trap . lo-fi . rap . sad . sadness . suicide . remedio . suicidio . música . beat . gu . gustavo . gu santo . gustavo santos . . . falho . porra . falho porra . 00 . 00 . beae . voz . rimando . improviso . caneta . papel . triste . lil . lil peep . style . type"
0,?
0,"fezinho patatyy . fezinho divulga . munição piroca . neguinho v.u . livinho . sol raiar . mc pedrinho . passinho romano . romano . sarrada ar . memor vg . joga botico . mc leo baixada . programa eliana . funk . ostentação . lançamento 0000 . lançamento 0000 . melhores 0000 . funk novo . passinho . passinho rio . mc binladem . mc pikachu . mc brinquedo . principe romano"
0,"animação 0d . pica pau vai roça chico bento"
0,"fabiano oliveira . canal elétrico . atalaia esporte . balanço geral . tolerância zero . jornal estado . cidade alerta . cidade alerta sergipe . dia . EMAIL notícias sergipe . jornal sergipe . programa bareta . bareta . vídeos bareta . r0 sergipe . tv atalaia . record sergipe . notícias vídeos regional . a0se . portal a0se tv sergipe . tv sergipe . video aracaju . balanço geral sergipe . tv sergipanos . canal tv atalaia"
0,"malu moreira . 0 anos . sertanejo . cowgirl . tambor . cavalo . animais . sitio . rodeio . moda viola . quarto milha . viola . criança . # cavalo . # malumoreira . # trestambores . # quartodemilha . # animais . # sertanejo . # modadeviola . # violeira . # brunaviola . # manowalter . # construcao . # cocheira"
0,"tético . anacruse . anacrúsico . acéfalo . leitura rítmica . solfejo rítmico . leitura musical . regência . iniciação regência . compasso . moira l'abbate . compassos . tipos compasso . gestos regência"
0,?
0,"alex matielo - bobo corte . dvd primeiro passo . lançamento 0000 . dvd 0k00 . alex matielo 0k00 . bobo corte . sertanejo 0k00 . modao 0000 . sertanejo 0000 . alex matielo sertajeno 0k00 . modao sertanejo"
0,"mc fedo bosta - menor . menor . mc fedo bosta . mc fedo bosta menor . lil bosta . lil bosta - menor"
0,"hornet . motovlog . motovlog teresopolis . resgate . go pro . motos . honda . vlog . motofilmdor . acidentes motos . serra teresopolis . rio teresopolis . transito rio janeiro . transito sao paulo . paulo . belo horizonte . juiz . perigo duas rodas . seguança estrada . insegurança estrada . suzuki . bandit . vstrom . cg . cgzinha . 000cc . 000cc . 000cc . 000cc . 000cc . 000cc . 000cc . 000cc . 0000cc . kawasaki . z0000 . z000 . bking"
0,"vai mamar pra mim . mc kevin . mc davi . mckevin mc davi . pereradj . oficial"
0,"# pontobrothers . reagir avião facebook . usar reação \ / react avião facebook . adicionar reação avião facebook . obter usar reação avião facebook . ativar reação avião facebook . reação avião facebook . avião facebook . reagir avião facebook . ter reação aviao facebook . ter nova reação facebook . # addplanereact"
0,"brasileirão0000 . corinthians . flamengo . palmeiras . barcelona . futebol . fox sports . fox radio . fox raio . raio fox . radio fox . fox vivo . rodada fox . neymar . santos . timão mengão . zuando flamengo . zuando corinthians . timão vivo . noticia timão . gremio . bahia . futebol online . futebol vivo . tv online . fox . sports . radio . . vivo . copa mundo . russia . seleção brasileira"
0,"seth kugel . amigo gringo . nyc . inglês . dicas ingles . aulas ingles . gringos . turismo . turista . viagem . viajar . tourism . americanos . america . united states . usa . eua . estados unidos . brasil . brasileiros . brasileiros exterior . travelling . traveling . travel abroad . guia . nova iorque . nova york . new york . ny . big apple"
0,"seth kugel . amigo gringo . nyc . inglês . dicas ingles . aulas ingles . gringos . turismo . turista . viagem . viajar . tourism . americanos . america . united states . usa . eua . estados unidos . brasil . brasileiros . brasileiros exterior . travelling . traveling . travel abroad . guia . nova iorque . nova york . new york . ny . big apple . higiene . americanos tomam banho . patricia faolli"
0,"flamengo . solta . nego borel . paródia nego borel . paródia solta . paródia flamengo . paródia flamengo . funk"
0,"mrdsgtggr000kndd000lmrap0000 . preta vagabundo . dama vagabundo . djonga . nega . linda . rap foda . mayck . mayckoficiall"
0,?
0,"amanda . ramalho . panico . pânico . deus bosta . deus . bosta . falou merda . irritabilidade . bologna . rodrigo . ramalho amanda . amanda ramalho panico . deus . amanda diz deus bosta . 000000000000000000"
0,"# estouro . ppa . luan santana . wesley safadão . sorry . esqueci . soja . leve mal . degrau escada . amar cassete . devo . digo ser feliz . magoar passou então falei . cachaça mente ! . cristiano ronaldo . manoel neuer . rede globo . zezé di camargo . luciano camargo . marcelo tineli . diego maradona . pamela anderson . russel wilsin . olimpíadas rio 0000"
0,"gleidson tseva . quinta-feira . gatos . shi-tzhu"
0,"humor . risada . . tumblr casal . mundo . comédia . babaca . imitando fotos . manu gabriel . diversão . operacao cinema . imitando fotos tumblr . imitando fotos tumblr casal . gabriel dearo . meumundobabaca000000 . tumblr . casal tumblr . criando fotos tumblr . manu digilio"
0,"roda funk . kondzilla . coelho produções . funk carioca . mc bobo . mc alexandre . fiz amizade fome pra sobreviver . varios vezes massacrado merecer . tempo passando adiante hoje protagonista roda funk . queria sef=gundo pra despedir . sei deus abraçou acolheu ceu . seras esquecido dentro comunidade . familia amigos amam verdade . vai deus . vai fé mc alexandre vai deus"
0,?
0,"midas . music . brasil . musica . rick . bonadio . carmenrubia . louco demais . rosa . giu daga . rock . pop rock . midas studios"
0,"voce . vai . . sentir . . retardado . jogando ."
0,"peido . engraçado . fart . funny . peidar . peidando . garota . cabelo colorido . namorada . casal . banheiro . maíra medeiros"
0,?
0,"atracaodivulga . atracao divulga . atracao fonografica . atracao . fonografica . musica brasileira . musica . brasil . brazilian . music . banda beijo bhom . rapariga . forró . vá . ten vas . amor lindo . amigos amantes . orgulho . jogo sujo . vem amar . arrepio amor . segredo . fica comigo . menino cigano . beijo bhom . louca"
0,"noticiasnotube . nnt00dez0000ytbr000 . marcelo brigadeiro chama bruno gagliasso babaca papelão fez bolsonaro ufc . marcelo brigadeiro . chama . bruno gagliasso . . babaca . . papelão . . . fez . . bolsonaro . . ufc"
0,"tv fama . redetv ! . nelson rubens . flávia noronha . celebridades . tv fama fofocas . fofocas . famosos . rede tv . rede tv fama . tv fama hoje . tv fama rede tv . tv fama 0000 . apresentadora tv fama . tv fama vivo . noticias famosos . lulu santos . lulu santos assume namoro . lulu santos clebson . clebson teixeira lulu santos . clebson teixeira . lulu santos assume ser gay . novo namorado lulu santos . lulu santos namorado . lulu santos viado"
0,?
0,"chifre corno . aceitam ?"
0,"jornalismo . política . brasil . economia brasileira . jornal gazeta . noticias . paulo . noticias sobre paulo . previsão tempo"
0,"mc cabelinho - joga xereca . md virou lago ta cheio perereca"
0,"mc rike mc luizinho - desce xereca - música nova . mc rike . mc luizinho . desce xereca"
0,"baubergo . baubergô . upsidedown . capital brasil . relógio ponteiro . relógio analógico . retardado ? . meses ano . precisamos saber tudo ?"
0,"kanalkauan . kauan oliveira . comédia baiana . vlog . vlogger . fullscreen . partner . piada ruim . praça . cazalbé . carlos alberto . piada . bosta . adele . capião américa . guerra civil . real madrid . ney matogrosso . neymar . estados unidos"
0,". josé . . rio . preto . fé . festa . alegria . família . luz . tereos . pf . política . reportagem . filhos . vida . paz . esperança . criatividade . doces . filha . humanidade . cerveja . shopping . jesus . whatsapp . facebook . usa . trump . pt . lula . furto passaporte . carro pt . lava jato . gleisi hoffmann"
0,"multishow humor . humor . dia riso multishow . dia riso . paulo gustavo . bicha bichérrima . mariah carey . mariah tá maior . mariah gorda . invejosas . ferdinando show . ferdinando . bicha bichérrima ferdinando show . piada . vídeo engraçado . multishow online . assistir ferdinando show . assistir multishow online . inveja"
0,"egito . viagem . intercambio . travel . egypt . brazil . brasil . cairo . giza . piramides . morar . abroad . brasileiro . aventura . explorar . conhecendo . trip . youtuber . viver . morar egito . tip . tips . live . tourist . tourism . aiesec . vini egito . vini . rinite . alergia . academia . musculação . peso . frio . armario . acaro . espirro . espirrar . fitness . maromba . sheik . shake . parangole . dança . dançar . dance . axé . axe . novinho . corisa . escorrer . nariz . remedio"
0,"luiz alves sc . mulher branco . gincana luiz alves 0000 ."
0,"humor multishow . assistir multishow . dia riso . assistir multishow online . programa multishow . vai cola . comédia . piada . humor . vídeo engraçado . vídeos engraçados . multishow online . paulo gustavo . paulo . viado . pg . viado . vai cola . dona jô . velna . tcheca . valdo . valdomiro"
0,?
0,"hermes renato . mtv . record . pérolas . oficial . renato . hermes . yt : quality=high . fausto . acervo . hermes renato ( tv program ) . fx . hermes renato . tv . fox . fanti . yt : stretch=0:0 . agência puta ideia . bela bosta"
0,"funk elite . mc lk . dj cr0 . dj esculaxa . lyric video"
0,"edu dracena ricardo oliveira . ricardo oliveira edu dracena . edur dracena chama ricardo oliveira otario . palmeiras x alterico mg . atletico mg x palmeiras . treta . otario . brasileiro . brasileirão"
0,"todo dia merda . merda hein . q merda ein . q merda . alboghertti . bosta . velho falando merda . velho falando merda . velho falando bosta . bosta ein . bosta hein . q merda hein"
0,"senta . la . claudia . cacau . maria . mathes . bbb00 . ex . bbb"
0,"electronic . desire . alan . edge . frases . frasesedge . alanedge . frasesedge . edgefrases0 . alanzoka piada . piada . piada tijolinho . alan edge piada . alan contando piada . piada tijolinho . piada . alanzoka piada tijolinho . tijolinho"
0,"pastor everaldo . peido . peidando . entrevista . jornal nacional . willian boner . patricia poeta"
0,"c0rl00h0nr0qu0 . homem condenado morte peidar mesquita durante evento ? . condenado . homem condenado . homem condenado morte . condenado morte peidar . condenado morte peidar mesquita . peidou mesquita morto . mandaram matar homem peidou mesquita . mesquita . evento . homem preso peidar . peido"
0,"escuta vagabundo . ah vagabundo . cavaleiros forro . musica . palco mp0 . mp0 . baixar mp0 . peruano . vagabundo ! . tesão gente logo entregou ? ja primeiro dia gente fez amor . tô bebendo . tô pagando maior . farra mundo dizendo . forró ( musical genre ) . sabrina"
0,"doideira"
0,?
0,"b00 . 0000 . 000 . mpa . pjl . cv . ada . tcp . tca . pcc . gde . sdc . cp . bdm . katiara . bonde 00 . bonde 00 . bala cara . v0 . estados unidos . okaida . pce . pcm . fdn . tcc . crbc . cdl . pcms . bonde 000 . pcn . caveira . pgc . comando vermelho . terceiro comando puro . terceiro comando amigos . primeiro comando capital . amigos amigos . amigo amigos . bonde maluco . comando paz . sindicato crime . guardiões estado . b00 . cerol fino . pgo . tauras . td 0 . td 0 . tudo 0 . tudo 0 . familía norte"
0,"boner proíbe bolsonaro mostrar kit gay . max kirk music . akel . fala malafaia"
0,"peidar . peido . gases . peido mortal . peido fedido . live peido . lives igor . igor updown quark"
0,"tv tony silva . tony silva . intervenção . federal . policia . exercito . antares . rola . santa cruz . zona oeste . rio . rio janeiro . janeiro . agosto . rj . pm . polícia . civil"
0,"anabolizantes . cavalos . crioulos . veterinaria . saude . equinos . animais . horses . eguas . garanhão . castrados . risco"
0,"artebits produções . artebits . artbits . artbites . produtora imagem . chromakey . estúdio . studio . studio artebits . sertanejo . sertaneja . estúdio vídeo . contagem . belo horizonte . minas gerais . sessão fotográfica . produção musical . gravação . full hd . produção . música . musical . william fernando . forro . beber vagabundo . beber . forronejo"
0,"mova . canal mova . monja coen . leandro karnal . budismo . zen . filosofia . filosofia oriental . bem estar . felicidade . motivacional . inspiracional . ser feliz . consciência . autoconhecimento . autoajuda . inveja . admiração . vicarious"
0,"puns . peido . peidos . eliminar peidos . intestino . limpar intestino . remedio puns . acabar puns . peidos fedido . intestino preso . acabar intestino preso . esvaziar intestino . eliminar los gases . esvaziar peidos . comédia . saúde . noticia . noticias . saude . coco . puns fedidos . gass intestinais . remedio gases . acabar gases"
0,?
0,"radio . radio mania . rádio . mania . fm . dia . 00/00/00 . grupo . bom gosto . bom gosto . bom gosto . pagode . samba . roda samba . matheus kauan . sorte . maiara maraísa . maiara maraisa . medo bobo . versão . versao . pagodinho . romântico . violão . aprenda tocar . cifras . club . clube . moda viola"
0,"moscoso . andre moscoso . canal moscoso . burro"
0,"mc kevin . mc kevin decolou caiu . mc ph . mc kevin mc ph . mc kevin mc ph decolou caiu . mc kevin mc ph decolou . neymar . neymarjr . neymar psg . neymar mc . neymar funk . neymar decolou caiu . neymar mc kevin . neymar mc ph . 0000 . funk 0000 . funk . ifutmagic . neymar 0000 . lançamento mc . lançamento . lançamento 0000 . mc . gr0 explode . explode . neymar kondzilla . kondzilla . gr0 . neymar vs . funk neymar . neymar skills . funk neymar . status amor . status whatsapp . whatsapp status"
0,"cagar casa . cagando casa . mae cagando . mulher cagando . mulher banheiro . mae banheiro . banheiro panico . banheiro pequeno . banheiro feminino . mae engraçada . mae louca . mulhere bem resolvida . mulher resolvida . mulher . mulherao poha . dale mizera . dale miseria . dale . 0 ) * qf*fe _ ohdfcfw"
0,"# simoneses . # simoneesimaria"
0,"mc wostin mc lucca martins - joga bundao pro ar . mc wostin mc lucca martins . joga bundao pro ar . prod . dj brenin original"
0,"coletivo artistico queer . queer . ro vicente . bixa rua . bicha rua . rodrigo vicente . rô vicente . cassilia carvalho . geovanna gelan . bixaup . bixa-up . pinaup . gay . lgbt . foto . ensaio . paulo amaro . miga melhore . empoderada . pedro henrique . thais carvalho . poc . solta bixa . solta . parodia . nego borel . parodia solta . parodia solta porra . solta porra . afeminada . bixa afeminada . revolução . desfila medo . dando tesão . não-binário . trans . travesti . bixa . bicha"
0,"pica pau campo cantando . pica pau cantando . pica-pau . pica-pau cantando . canto pica pau campo . canto pica pau . queirogafabjr0d0ks0000000dwy0 . pica-pau-do-campo . pica pau campo . pica pau amarelo . aves brasil - pica pau campo . aves brasil . aves"
0,"incapacidade aprendida : burro sala"
0,"acaci . gatos . animais . carentes . cachoeiro . resgate . proteção . animal . protetora . . luisa . mell . wilson . martins"
0,"mc livinho . dj henrique ferraz . pega piru vagarinho . pega pau . balança chupa . passinho romano . passinho maloka . ngks . mc magal . momo . liguei momo atendeu . felipe neto . kondzilla . fezinho patatyy . amor cade . pega receita . coreografia funk . passinho funk . dançar funk . finge lança"
0,?
0,"motivação . superação . história . real . comover . chorar . emocionante . . . vez . canal . monyke . comovente . emocionar . inspirar . inspiração . motivar . linda . lindo . belo . bonito . superar"
0,"educação . leandro . karnal . mario . sergio . cortella . luiz . felipe . pondé . filosofia . leandro karnal . celular . palestra . motivacional . professor . politica . messias . salvador . patria . presisdente . eleições 0000 . jeitinho brasileiro . jair bolsonaro . bolsonaro . atentado . brasil"
0,?
0,?
0,"zoeiras . rei . . serpentes . garoto . desgraçado . batalha . lutas . sertão . guerra . tapa . . orelha . tapa orelha . rei serpentes leva paulada costa . vingança garoto desgraçado . vinçança menino desgraçado . volta rei serpentes . rei serpentes joga agua caro menino . menino . cobras . serpentes . nordeste . paulada . agua . cara . retorno rei serpentes . garoto atrapalha video leva tapa orelha . editado . engraçado . mortal combat . edição dorgas"
0,"mc mm . quer vrau . paródia . musica . funk . tipo . caio . mc mm feat dj rd - quer vrau . humor . comedia . pau . la casa del papel . bella ciao . kondzilla"
0,"taquitá . peidar . claudia leitte . taxa zuera . melhor parodia . brasil . cebola . ovo . peidar . peidona"
0,?
0,"nego borel - solta ( kondzilla.com )"
0,"uatafuke . uatafuker . uatafuck . johnny klein . johnny klein vine . videos comédia . videos engraçados . video humor . esquetes humor . esquetes engraçadas . esquetes comédia . bafo . bafo bosta . pessoas bafo bosta . fim mau hálito . mau hálito . tirar mau hálito . tirar mau hálito . remedio mau hálito . negocio . seguro . crédito . comércio . mau halito nunca . acabar mau halito . emmanuel aguilera vines . @ manulera . bosta . uatafuke !"
0,?
0,"perimetrurbano . calaboucoprodutora . calabouco . rap ce . caucaia . rapceara . rapcaucaia . rapbr . rapbrasil . rapnacional"
0,"producer . doliver . d'oliver . darfferson . studio . homestudio . produtor . músico"
0,"pastor arnaldo . iepg . igreja evangélica pica galáxias . evangélico . crente . pastor . bispo . arnaldo . corno . chifrudo . traição . sexo . infidelidade . fidelidade . pregação . fcenglish . inglês . curso inglês"
0,"funk . yago . gomes . yuri . martins . ld . . dose pitu . pitu . nandinho . negobam . malandramente"
0,"# esquete . # humor . piadas . piada corno . piada sogra . piada padre . caserão . canal humor . canal piadas . humor piadas"
0,"evelyn regly . babados vida . babado . humor . cagar . cagao . cagona"
0,"ukulele . fácil . sad song . autoral . sad song on ukulele . ta foda"
0,"colombia . animais . narcotrafico"
0,"brasil . brazil . doutor camargo . paraná . pr . maringá . noroeste . arquivo . vídeo . arquivo exe . exe . executável . canal . cavalo . égua . jumento . jumenta . mula . burro . asno . jegue . besta . saiba . diferença . animal . animais"
0,"doutor . zeh . piriguete . balada . gostosa . comédia . lapa . brazil . bonita . clipe engraçado . drzeh . xxx . bunda . parafernalha . dona balada . doutor zeh . novinhas dançando . bullyng . big brother brasil . novo hit verão . big ass . hit verão . harlem shake brasil . lapa 00 . 0.000.000 views . doutor ze . piriguete bbb 00 . piriguete neymar . nova piriguete . dr.zeh . piriguete oficial . piriguete neymar . piriguete bbb . anitta piriguete . suellen . piriguete dr zeh . piriguete brasil - dr zeh"
0,"baby baby biruleibe . biruleibe"
0,?
0,"pessoa melhor . estudante melhor . youtube . videos . inferno . monja . monja coen leandro karnal . leandro carnal . karnal . livro . review . resumo"
0,?
0,"porta . . fundos . kibe . loco . kibeloco . fabio . porchat . gregório . duviver . ian . sbf . antonio . tabet . joão . vicente . . castro . comédia . humor . engraçado . funny . comedy . risos . risadas . hilario . bizarro . parodia . satira . policia . civil . tortura . indios . stand . up . paulista . velhinha . velha . aposentada . duvida . informatica . metodos . luis . lobianco . rafael . infante . questionamento . dp . comedian"
0,"porta fundos . kibe loco . fabio porchat . gregorio duviver . ian sbf . antonio tabet . joão vicente castro . comedia . humor . engraçado . funny . comedy . risos . risadas . hilario . bizarro . parodia . satira . rafael portugal . pedro benevides . bene . esporte . luta . ufc . mma . apelido . fimose . treinador . combate"
0,"humor . comédia . guilherme duarte . cão . cadela . zaya"
0,"n000snow . # esporte . # futebol . # futebol internacional"
0,"retardado . euma . camera . popular culture ( media genre ) . baloes magicos . magicos . baloes . vingança . tubarão . presente . . deuses . vilhena . pt . bre . brasil . jogos . ios . android . celular . game . engraçado . rir . risada . porque . ofrango . atravessou . estrada . phone . port of mobile . nokia . samsung . iphone . android ( character species ) . wireless . phones . touch . review . indio . anorexico . frontier . heros . heroes . tripulaçao . nao . jogue . . jogo . desafio"
0,"n000snow . # esporte . # futebol . # futebol internacional"
0,"outfit0 . talking tom . talking angela . talking tom and friends . tom falante . my talking tom . tom . gato tom . peidos cerebrais talking tom . tom peidos . tom vlog . talking tom vlog . talking tom and friends brasil . peidos cerebrais talking tom . tom angela portugues . tom portugues . tom . talking tom brasil . talking tom portugues . talking . tom português . angela tom portugues . talking tom portugues . talking tom and friends portugues . tom brasil . turma tom"
0,"bruno pinheiro . negócio online sucesso . negócio planejado . marketing digital . marketing . marketing pessoal . marketing digital 0000 . empreendedorismo . empreendedor . negócios . empreendedorismo sucesso . empreendedorismo digital"
0,"porta fundos . kibe loco . fabio porchat . gregorio duviver . ian sbf . antonio tabet . joão vicente castro . comedia . humor . engraçado . funny . comedy . risos . risadas . hilario . bizarro . parodia . satira . punheta . pai . mae . masturbação"
0,"taticelo . webtv . famosos . youtubers . notícias . stories . fofocas . babados . treta . musica . mc . funk . rap . filme . sbt . rede . humor . videos youtube . youtube . hoje . amanhã . ontem . canal . brasil . 0000 . polêmicas"
0,"olha espelho . cristiano araujo . maiara maraisa . show completo . pra hoje saudade . efeitos . ce sabe . jorge mateus ( musical group ) . gusttavo lima ( musical artist ) . música sertaneja ( musical genre ) . rede globo ( tv network ) . luan santana ( musical artist ) . pessoa errada . maiara maraisa pessoa errada . maiara maraisa medo bobo"
0,"rap bh . freestyle . gay pro . rap gay . queer . lgbt . lgbtq . negro gay . rap lgbt . rap viado . azizi mc . mc gay . caroline andrade production . xxaxx . izaque vieira . izaque . belo horizonte . maria goretti . zne . rap mineiro . bicha . rico dalasam"
0,"pele asno . charles perrault . pele asno charles perrault . conto pele asno . contos charles perrault . contos fadas . resenha contos fadas . pele asno resenha . charles perrault resenha . editora zahar . leitura . literatura classica . livros antigos . livros contos fadas . lendo contos fadas . verdadeira historia pele asno . contos fadas bizarros . contos fadas estranhos . contos fadas diferentes"
0,"canaldootario . otarioanonymous . canal otario . apresentação . clip . cdo"
0,"fear the walking dead 0x00 . fear the walking dead . fear the walking dead s00e00 . fear the walking dead 0x00 . vilã fear the walking dead . nova vilã fear the walking dead . rick grimes . rick grimes morre . nerd . filme . critica . fear the walking dead . the walking dead . twd . fear twd . morgan . the walking dead morgan . ftwd . lucas torres . fear the walking dead online . fear the walking dead assistir . fear the walking dead . rick . carl morreu . onde passa fear the walking dead"
0,"n000snow . # esporte . # futebol . # futebol internacional"
0,"busto . ozob . unbox"
0,"mumuzinho . show famosos . miguel falabella . claudia raia . politicos . lula . solto . preso . faustão . errou . vivo . domingão faustão . globo . fantastico . famosos . jurados . brasil . futebol . copa mundo . 0000 . hoje . noticias live . zapblog00000mari"
0,"compassos . anacruse . compasso tético . compasso acéfalo . marcação compassos . regência . iniciação regência . solfejo rítmico . leitura rítmica . anacrúsico . moira l'abbate . tipos compasso . gestos regência"
0,"maricá . condado . centro . casa . projeto . niterói . flamengo . verde . paisagens . cavalleiro . cavaleiro . cavalleiros . cavaleiros . flavio . broker . petroleo . br . rj . rio . praia . remax . itaipuaçu"
0,"rap . hiphop . pagode . samba . rb . rythm and blues . soul . neosoul . blackmusic . rap nacional . rap brasileiro . rimas"
0,"cidadenegra . eldoboss . vagabundoprodigio . rap . funk . bahia . baiano . pagode . rapfunk . rapsamba . rapagode"
0,"ludmilla . mc beyonce . funk . funk carioca . pop . querer . hoje . warner . mc ludmilla . jogando sujo . quero ver jogando sujo . cheguei . pop music . pop brasil . funk brasileiro . brazilian music . brazilian pop . rio janeiro . warner music . music . ludmilla jogando sujo . nova lud . nova ludmilla . música nova ludmilla . música lud . lud clipe . novo clipe . ludmila . felipe sassi . vai bandida . din din din . pode dar cima mim"
0,?
0,"canaldootario . otarioanonymous . canal otario . cdo . lava jato . gilmar . stf . otarionews"
0,"neymar . meme . melhores memes . titi . copa 0000 . 00 . bruna . memes bruna . novinha . putaria . eis . eis . dorgas . melhores memes copa . memes copa . 0000 . bruna marquezine . marquezine . copa mundo . memes copa mundo . porno . dança . sexo . linda . # 0 . rindo . bunda . bundão . morena . gostosa . morena dançando . chupando . perfeita"
0,"faustão abre porta porra . faustão . faustão - abre porta porra . samuel sacólli . samuelsacolli . sacólli . samuel . faustão samuel sacólli . meme . sam . meme abre porta porra"
0,"ahoradorap . hora rap"
0,"canaldootario . otarioanonymous . canal otario . cdo . análise . debate . presidenciáveis . band . bolsonaro . marina silva . joão amoedo . henrique meirelles . álvaro dias . boulos . cabo daciolo . alckmin . haddad . lula . eleições 0000 . ursal . otarionews"
0,?
0,"canaldootario . otarioanonymous . canal otario . warren . investimento . fundo investimento . selic . renda fixa . renda variável . ações . bovespa . aplicativo"
0,"videonews.fun . bbb 00 . bbb . tv famosos . famosos . entretenimento plus . cinema . estrela . big brother brasil"
0,"canaldootario . otarionews"
0,"canaldootario . otarioanonymous . canal otario . cdo . direitos trabalhistas . terceirização . fgts . inss . fundo garantia . salário . canal otário . trabalhador . cut . empregado . direitos . labour law ( field of study ) . clt . aposentadoria . aposentado"
0,"vagabundo . tbm . ama"
0,"porta fundos . kibe loco . fabio porchat . gregorio duviver . ian sbf . antonio tabet . joão vicente castro . comedia . humor . engraçado . funny . comedy . risos . risadas . hilario . bizarro . parodia . satira . ceu . religiao . deus . marido . mulher . morte . paraiso . catolico . evangelico . viuva . padre . pastor . nutella . rafael portugal"
0,"taticelo . webtv . famosos . youtubers . notícias . stories . fofocas . babados . treta . musica . mc . funk . rap . filme . sbt . rede . humor . videos youtube . youtube . hoje . amanhã . ontem . canal . brasil . 0000 . polêmicas"
0,"charge . charges.com.br . uol . mauricio ricardo . humor . tobby entrevista . espinha firmose . pouca justiça muita dupla . sertanejo . corno"
0,"parafernalha . parafernalia . humor . comedia . esquete . canal parafernalha . canal parafernalia . jhonny drumond . cezar maracuja . victor lamoglia . renata canossa . mariana rebelo . daniel curi . gps . uber . carona . constrangimento . saia justa . caminho errado . motorista . passageiro . transporte"
0,"felipe marx . coach . desenvolvimento pessoal . fazer . felipe marx original 's . vida . vida foda . original films . vida . reflexão . reflexão sobre vida . sobre vida . . vida . vida . felipe marx 's . autoconhecimento . autoestima . 0000 . protagonista . curso protagonista . protagonista 0.0 . protagonista felipe marx . felipe marx protagonista . protagonista vale pena . perder vergonha . motivação . motivacional . video motivacional . motivar"
0,"vegan . vegano . comida vegana . felipe neto . castanhari . indireta . carol dias"
0,"pegadinha . ousadia . comédia . pegadinha mulheres . garota programa . turma . sacanas . puta . putas . cantada . cantadas . xaveco . xavecos . puta pegadinha . namoro . namorar . traveco . travecos . bate pra mim . negociando . trote . gozar . sexo . pegadinhas . perguntando sexo . quer fazer sexo . prostituta . jabeque . broma . xoxota . bunda . peitos . mulher interesseira . humor . gps . anal giratório . santa sacana . xavecando garotas programa - puta pegadinha ( ft . turma sacanas )"
0,"meninas superpoderosas . meninas superpoderosas . cartoon network . cartoon network meninas superpoderosas . meninas super poderosas . menina superpoderosa . lindinha meninas superpoderosas . meninas poderosas . meninas superpoderosas episódio completo . meninas superpoderosas episódios completos . meninas superpoderosas br . desenhos hd . desenho . desenhos crianças . desenhos animados . desenho animado novo . desenhos antigos"
0,"picau picau . pica pau . picapau . desenho . desenho animados . picapal portugues . desenho animado . pica pal . desenhos animados portugues . picapal . picapal portugues completo . pica-pau pica-pau . episodios completo . episodios completo portugues . desenhos portugues . pica pau movie . pica pau português filme . pica pau episodes . pica pau português desenho . pica pau antigo português desenho . pica pau amarelo portugues . pica pau português completo"
0,"porta fundos . kibe loco . fabio porchat . gregorio duviver . ian sbf . antonio tabet . joão vicente castro . comedia . humor . engraçado . funny . comedy . risos . risadas . hilario . bizarro . parodia . satira . adulto . 00 anos nao cm . relacionamento . pau amigo . sexo . amizade . pau . casamento . cu . relacionamento aberto . buceta . buceta amiga . evelyn castro"
0,"porra hulk . drinkeria . tutorial drink . cocktail . midori . canal aí . receita drinks . hulk"
0,"rap . nacional . canaltb . canaltudubom . hiphop . hip . hop . # tudubom . # tdbm . tudubom . tudobom . tudu . bom . tudo . shadow . sha . dow . dowsha . maoli . mãoli . maolee . mãolee . filipe . ret . filiperet . felipe"
0,"iepg . bispo arnaldo . pastor arnaldo . apostolo arnaldo . simpatias . ganhar dinheiro . ganhar dinheiro . prosperidade . riqueza . dinheiro . simpatia pra ganhar dinheiro apóstolo arnaldo . oração . oração noite . apóstolo arnaldo . videos humor . humor . comedia . vídeos humor whatsapp . pregação . emprego . ganhar dinheiro youtube . ganhar dinheiro internet . engraçado . alta . flocks . cheque . cartao"
0,"égua . égua pará . ze00 . égua mãe . girias . belem . pará . belém . belem . belenenses . girias nordestinas . paraense . belém pará . girias paraenses . cultura pará . cultura paraense . zé rede . ze rede"
0,"thejhonnygame . ei . dinheiro . deve . arrombado . arrombado sapo doido . sapo doido arrombado . sapo epiletico . sapo louco . sapo itanhaem . itnhaem mil grau . itanhaem . sapo epiletico piscando . sapo epilepsia . sapo piscando doido . musica sapo piscando . sapinho doido piscando . thejhonnygame sapo epiletico . sapo doidao"
0,"mova . canal mova . monja coen . leandro karnal . budismo . zen . filosofia . filosofia oriental . bem estar . felicidade . motivacional . inspiracional . ser feliz"
0,"# anitta . # medicina . # parodia . # bondeg . # fubukibiel . # glaydson . # engraçado . # performace"
0,"coletivo sub versos . coletivo . sub . versos . manxa . beats . kuazi . luks . rap . nacional . bahia . ba . trap . resl . real trap"
0,"rap . hip-hop . trap . trap funk . funk consciente . s.o.s . favela . grande . som autentico . noizfirma"
0,"porta . . fundos . anões . . chamas . kibe . loco . kibeloco . kibeloko . loko . fábio . porchat . gregório . duvivier . ian . sbf . antonio . tabet . antônio . joão . vicente . comédia . humor . engraçado . funny . comedy . brazil . deus . religião . parafernalha . felipe . neto . felipe neto . rafael . infante . clarice . falcão . silas . malafaia"
0,"porta . . fundos . kibe . loco . kibeloco . fabio . porchat . gregório . duviver . ian . sbf . antonio . tabet . joão . vicente . . castro . comédia . humor . engraçado . funny . comedy . risos . risadas . hilario . bizarro . parodia . satira . peido"
0,"parafernalha . vídeo . humor . comédia . esquete . youtube . youtuber . . canal . dilma . felipe neto . cezar maracuja . victor lamoglia . jhonny drumond . daniel curi . renata canossa . mariana rebelo . parafernalha humor . parafernalha academia . parafernalha auto escola . parafernalha surpresa . parafernalha tropa elite . parafernalha sequestro . parafernalha deus . parafernalha ponto vista . parafernalha churrasco . parafernalha enem . parafernalha padaria . parafernalha festa"
0,"alysson . mc allyson . mc alysson foda . mc alysson . mc alysson rd . mc alyson . mc alysson 0000 . foda . mc alisson . roh dm . funk fc . mc alison . funkfc . funk fc filmes . mc alysson vem falar ama . lusao mc alysson . mc alysson ilusao . mc allysson . mc pikiel . alisson . dj narru . vem falar ama . dj lk . logo boca moleque envolvido . mc gui mendes . mc . roh . ilusao . clipe moca . funksc"
0,"porta fundos . kibe loco . fabio porchat . gregorio duviver . ian sbf . antonio tabet . joão vicente castro . comedia . humor . engraçado . funny . comedy . risos . risadas . hilario . bizarro . parodia . satira . pau . penis . apelido . grande . pequeno . mentira . fofoca . bullying . bully . trabalho . empresa"
0,"iepg . bispo arnaldo . pastor arnaldo . apostolo arnaldo . beijo gay . lgbt . gay . beijo . tipos beijos . lésbicas . lgbtq . lesbica . apóstolo arnaldo fala beijo gay . dois homens apaixonam . dois homens beijando . filho . beijo gay . parada gay . gays . homofobia . homofobía brasil . sai armario . deus nao querm gays . biblia condena homossexualismo . homossexualidade . respeito . respeitar diferenças . lgbt . lgbtq"
0,"canaldootario . otarioanonymous . canal otario . cdo . agenda 0000 . onu . globalismo . nova ordem mundial . bernardo küster . olavo carvalho"
0,"embrulha pra viagem . embrulha . humor . comedia . comedy . mauricio barros . marcelo laham . willians mezzacapa . teatro . teatro alternativo . peça tearo . teatro embrulha pra viagem"
0,"canaldootario . otarioanonymous . canal otario . cdo . canal otário . nsdo"
0,"rap . nacional . canaltb . canaltudubom . hiphop . hip . hop . # tudubom . # tdbm . tudubom . tudobom . tudu . bom . tudo . shadow . sha . dow . dowsha . maoli . mãoli . maolee . mãolee . filipe . ret . filiperet . felipe . # loucopravoltar . louco pra voltar . selfie . clipe oficial . filipe ret 0000 . rap nacional"
0,"brazil today . bbb00 . bbb"
0,?
0,"parafernalha . parafernalia . humor . comedia . esquete . canal parafernalha . canal parafernalia . jhonny drumond . cezar maracuja . victor lamoglia . renata canossa . mariana rebelo . daniel curi . churrasco . amigos . reunião . trocadilhos . duplo sentido . reencontro"
0,"supercombo . banda supercombo . supercombo morar . desde veio morar . supercombo rogerio morar . clipe casa . clipe supercombo morar . morar clipe oficial"
0,"canaldootario . otarioanonymous . canal otario . cdo"
0,"tribo periferia . tribo . pirata esquina . pirata . rap . funk . hip hop . música sertaneja . playlist . imprevisivel . combinado . doce alma . perdidos narnia . narnia . fumaça genio . letras . letra . hungria . hungria hip hop . gusttavo lima . anitta . kevinho . kekel . kondzilla . gr0 . brasil . paulo . brasília . brazil . 0000 . alma pipa . efeitos longe . visão tá ouro . copa mundo . insonia . valores . marilia mendonça . official music video . lançamento . onerpm . fluminense 0 x 0 flamengo"
0,"movimento acelerado movimento retardado . movimento acelerado . movimento retardado . aula física . física . aula sobre movimento acelerado . aula sobre movimento retardado"
0,"sertanejo . 0000 . musica . autorais . youtube . facebook . instagram . internet . moda . modão . fama . vivo . cantor . compositor . videos . cover . top . news . novidade . novos . talentos . tv . google . estrela . celebridade . like . dvd . cd . tag . produtor . empresario . artista . audiomix . workshow . fs produções artisticas . balada music"
0,?
0,"porta fundos . kibe loco . fabio porchat . gregorio duviver . ian sbf . antonio tabet . joão vicente castro . comedia . humor . engraçado . funny . comedy . risos . risadas . hilario . bizarro . parodia . satira . gay . rola . camillo borges . contar pra mãe . homossexualidade . homossexual . beijo ombro . aids . burberry . echarpe"
0,"rap . batalha rap . batalha museu . meleca videos . bmo . aline . alves . instrumental rap"
0,"canaldootario . otarionews"
0,"porta . . fundos . kibe . loco . kibeloco . fabio . porchat . gregorio . duviver . ian . sbf . antonio . tabet . joão . vicente . . castro . comédia . humor . engraçado . funny . comedy . risos . risadas . hilario . bizarro . parodia . satira . relacionamento . peido . banheiro . coco . cagar"
0,"porta fundos . kibe loco . fabio porchat . gregorio duviver . ian sbf . antonio tabet . joão vicente castro . comedia . humor . engraçado . funny . comedy . risos . risadas . hilario . bizarro . parodia . satira"
0,"tribo periferia . tribo . imprevisivel . rap . hip hop . funk . sertanejo . playlist . official music video . lançamento . letra . 0000 . brasil . paulo . brazil . brasília . doce alma . alma pipa . insônia . combinado . narnia . troco . hungria hip hop . anitta . marilia mendonça . kevinho . mc . pedrinho . kondzilla . gr0 . visão tá ouro . magazine . valores . sosu otario . fumaça gênio . letras . efeitos longe . matilha . 0 kilo . onerpm . copa mundo . pirata esquina"
0,"canaldootario . otarioanonymous . canal otario . cdo . lula . inelegível . eleições . candidato . tse"
0,?
0,"falaidearo . fala ai dearo . gabriel dearo . manu digilio . humor . comédia . paródia . la casa papel . paródia la casa papel . bella ciao . quer vrau . paródia quer vrau . la casa mamãe . dia mães . mc mm"
0,"0000 . # raprj . reeomix . quinta dimensao . foda linda . camaradas camarao . hip hop . rio janeiro . rap . carne alma . rap nacional . foda linda 0000 . tudo quer 0000 . vai la 0000 . bom dia . música . music . oficial . rod parracho . luan lk . bruno chelles . vai lá . luz todo morro . 0000 alquimia . 0000 acustico"
0,"canaldootario . otarioanonymous . canal otario . cdo . dólar . investimento . warren . mercado financeiro . otarionews . bom jair acostumando"
0,"canal vilinha . corinthians . paródia . timão . zueira . futebol . humor . esportes . risada . coringão . canal . vilinha . corinthians . paulo . palmeiras . santos . cruziero . fluminense . tapetão . internacional . atlético . mineiro . paranaense . comédia . entretenimento . torcida . fiel . cantos . corinthiano . corintiano . gritos . musicas . brasileirão . 0000 . 0000 . copa mundo . copa . mundo . brasil . seleção brasileira"